context,question,answer_text
"कोशिका संवर्धन एक ऐसी जटिल प्रक्रिया है जिसके द्वारा कोशिकाओं को नियंत्रित परिस्थितियों के तहत विकसित किया जाता है। अभ्यास में, ""कोशिका संवर्धन"" शब्द का अर्थ उन कोशिका की जुताई से है जिन्हें बहु-कोशिकीय युकैरिओट से उत्पन्न किया गया है, विशेष रूप से पशुओं की कोशिकाओं से. हालांकि, पौधों, कवक और रोगाणु का भी संवर्धन होता है जिसमें शामिल हैं वायरस बैक्टीरिया और प्रोटिस्ट. कोशिका संवर्धन का ऐतिहासिक विकास और विधियां नजदीकी रूप से ऊतक संवर्धन और अंग संवर्धन से अंतर्संबंधित है।
पशु कोशिका संवर्धन, मध्य 1900 में एक आम प्रयोगशाला तकनीक बन गई,[1] लेकिन मूल ऊतक स्रोत से अलग की गई सजीव कोशिका पंक्ति को बनाए रखने की अवधारणा का आविष्कार 19वीं सदी में हुआ।[2]
 इतिहास 
19वीं शताब्दी में ब्रिटिश शरीर-क्रिया विज्ञानी सिडनी रिंगर ने सोडियम, पोटेशियम, मैग्नीशियम और कैल्शियम के क्लोराइड युक्त नमक का घोल विकसित किया जो किसी पशु के अलग किये गए ह्रदय की धड़कन को बनाए रखने के लिए उपयुक्त था।  1885 में विल्हेम रॉक्स ने भ्रूण चिकन के एक अंतस्था प्लेट के एक हिस्से को अलग किया और उसे कई दिनों तक गर्म खारे घोल में बनाए रखा और ऊतक संवर्धन के सिद्धांत की स्थापना की। [3] जॉन्स हॉपकिन्स मेडिकल स्कूल और फिर येल विश्वविद्यालय में कार्यरत रॉस ग्रेनविले हैरिसन ने 1907-1910 में किये गए अपने प्रयोगों के परिणाम प्रकाशित किये और ऊतक संवर्धन की पद्धति की स्थापना की। [4]
कोशिका संवर्धन तकनीक ने 1940 और 1950 के दशक में काफी प्रगति की और विषाणु विज्ञान के क्षेत्र में अनुसंधान को बढ़ाया. कोशिका संवर्धन में वायरस के विकास ने टीका निर्माण के लिए शुद्ध वायरस को बनाने की अनुमति दी। जोनास सॉल्क द्वारा विकसित पोलियो टीका ऐसा पहला उत्पाद था जिसे कोशिका संवर्धन तकनीकों का उपयोग करते हुए प्रचुर मात्रा में उत्पादित किया गया था। यह टीका जॉन फ्रेंकलिन एंडर्स, थॉमस हकल वेलर और फ्रेडरिक चैपमैन रोबिन्स के कोशिका संवर्धन अनुसंधान से संभव हो पाया, जिन्हें बन्दर के गुर्दे के कोशिका संवर्धन में उस वाइरस को उत्पन्न करने की विधि खोजने के लिए नोबेल पुरस्कार से सम्मानित किया गया।
 स्तनधारी कोशिका संवर्धन में अवधारणाएं 
 कोशिकाओं का अलगाव 
एक्स विवो संवर्धन के लिए कोशिकाओं को ऊतकों से विभिन्न तरीकों से अलग किया जा सकता है। कोशिकाओं को रक्त से आसानी से शुद्ध किया जा सकता है, हालांकि संवर्धन में केवल श्वेत कोशिका विकास करने में सक्षम है। एकल-केन्द्रक कोशिकाओं को कोलैजिनेज़, ट्रिप्सिन, या प्रोनेज़ जैसे एंजाइम के साथ एंजाइमकृत पाचन द्वारा मुलायम ऊतकों से जारी किया जा सकता है, जो बाह्यकोशिका मैट्रिक्स को तोड़ता है। वैकल्पिक रूप से, ऊतक के टुकड़े को विकास माध्यम में रखा जा सकता है और जो कोशिकाएं बढ़ती हैं वे संवर्धन के लिए उपलब्ध होती हैं। इस पद्धति को एक्सप्लांट संवर्धन के रूप में जाना जाता है।
जिन कोशिकाओं को एक शरीर से सीधे संवर्धित किया जाता है उसे प्राथमिक कोशिका  के रूप में जाना जाता है। ट्यूमर से प्राप्त कुछ अपवाद को छोड़कर, अधिकांश प्राथमिक कोशिका संवर्धन का सीमित जीवन होता है। एक निश्चित संख्या के जनसंख्या दोहरीकरण के बाद (जिसे हेफ्लिक सीमा कहते हैं) कोशिकाएं सेनेसेन्स प्रक्रिया से गुज़रती हैं और उनका विभाजन बंद हो जाता है, जबकि आम तौर पर वे व्यवहार्यता बनाए रखती हैं।
एक स्थापित या अमर कोशिका पंक्ति ने असीम रूप से बढ़ने की क्षमता हासिल कर ली है, या तो यादृच्छिक उत्परिवर्तन के माध्यम से या सुविचारित संशोधन से, जैसे कि टेलोमरेज़ जीन की कृत्रिम अभिव्यक्ति. 
अच्छी तरह से स्थापित ऐसी कई कोशिका पंक्तियां हैं जो विशेष कोशिका प्रकार को दर्शाती हैं।
 संवर्धन में कोशिकाओं को बनाए रखना 
कोशिकाओं को सेल इन्क्युबेटर में एक उपयुक्त तापमान और गैस मिश्रण में विकसित और बनाए रखा जाता है (स्तनधारी कोशिकाओं के लिए आमतौर पर, 37°C, 5% CO2). कोशिका संवर्धन की स्थितियां प्रत्येक कोशिका प्रकार के अनुसार व्यापक रूप से भिन्न होती हैं और विशेष प्रकार की कोशिका के लिए भिन्न स्थितियां अभिव्यक्त होने वाले भिन्न फेनोटाइप में फलित हो सकती है।
तापमान और गैस मिश्रण के अलावा, संवर्धन प्रणालियों में सबसे अधिक विभिन्न कारक हे विकास का माध्यम. विकास माध्यम के लिए विधि pH, ग्लूकोज संकेन्द्रण, विकास कारकों और अन्य पोषक तत्वों की उपस्थिति में भिन्न हो सकती है। माध्यम के पूरक के लिए प्रयुक्त विकास कारकों को अक्सर पशुओं के रक्त से लिया जाता है जैसे बछड़े के सीरम से. रक्त-व्युत्पन्न इन सामग्रियों की एक जटिलता है वायरस या प्रायन के साथ संवर्धन के संदूषण की क्षमता, विशेष रूप से जैव प्रौद्योगिकी के चिकित्सा अनुप्रयोगों में. वर्तमान अभ्यास के तहत जहां कहीं भी संभव हो इन सामग्रियों के उपयोग को न्यूनतम या समाप्त करना है, लेकिन यह हमेशा पूरा नहीं किया जा सकता है। वैकल्पिक रणनीति में शामिल है ऐसे देशों से रक्त का आयात करना जहां BSE/TSE का न्यूनतम खतरा है, जैसे ऑस्ट्रेलिया और न्यूज़ीलैंड और कोशिका संवर्धन के लिए पूर्ण पशु सीरम की जगह सीरम से निकाले गए शुद्ध पोषक सार का उपयोग.[5]
प्लेटिंग घनत्व (संवर्धन माध्यम के प्रति आयतन में सेलों की संख्या) कुछ प्रकार के कोशिका के लिए एक महत्वपूर्ण भूमिका निभाता है। उदाहरण के लिए, एक कम घनत्व प्लेटिंग ग्रानुलोसा सेल को एस्ट्रोजन उत्पादन के लिए प्रेरित करता है, जबकि एक उच्च प्लेटिंग घनत्व उन्हें थेका लुटिन सेल उत्पन्न करने वाले प्रोजेस्ट्रोन के रूप में प्रदर्शित करता है।[6]
कोशिका को निलंबन या अनुबद्ध संवर्धनों में विकसित किया जा सकता है। कुछ कोशिकाएं सतह के साथ बिना संलग्न हुए स्वाभाविक रूप से निलंबन में रहती हैं, जैसे वे कोशिकाएं जो रक्तधारा में मौजूद हैं। कुछ ऐसी कोशिका पंक्ति भी हैं जिन्हें निलंबन संवर्धनों में जीवित रखने के योग्य बनाने के लिए संशोधित किया गया है ताकि उन्हें एक उच्च घनत्व में विकसित किया जा सके जो अनुबद्ध स्थितियों द्वारा अनुमत से अधिक हो। अनुबद्ध कोशिकाओं को एक सतह की आवश्यकता होती है, जैसे ऊतक संवर्धन प्लास्टिक या माइक्रोकैरिअर की, जो आसंजन गुणों को बढ़ाने के लिए बाह्य मैट्रिक्स घटकों से लेपित हो सकती है और विकास और विभेदीकरण के लिए आवश्यक अन्य संकेतों को प्रदान कर सकती है। ठोस ऊतकों से उत्पन्न अधिकांश कोशिकाएं अनुबद्ध हैं। एक अन्य प्रकार का अनुबद्ध संवर्धन है ओर्गेनोटिपिक संवर्धन जिसके तहत कोशिकाओं को द्वि-आयामी संवर्धन डिश के विपरीत एक त्रि-आयामी पर्यावरण में विकसित किया जाता है। यह 3डी संवर्धन प्रणाली जैव-रसायन और शरीर-क्रिया के आधार पर इन विवो ऊतक के अधिक समान हैं, लेकिन कई अन्य कारकों के कारण तकनीकी रूप से इन्हें बनाए रखना चुनौतीपूर्ण है (जैसे विसरण).
 कोशिका पंक्ति पार-संदूषण 
कोशिका पंक्ति पार-संदूषण उन वैज्ञानिकों के लिए एक समस्या हो सकते जो संवर्धित कोशिकाओं के साथ काम करते हैं। अध्ययन बताते हैं कि समय की 15-20% के समय में, प्रयोगों में इस्तेमाल कोशिकाओं को गलत पहचाना गया या अन्य कोशिका पंक्ति के साथ दूषित पाया गया।[7][8][9] कोशिका पंक्ति पार-संदूषण के साथ समस्याओं को NCI-60 पैनल वाली पंक्ति से खोजा गया है, जिन्हें ड्रग-स्क्रीनिंग अध्ययन के लिए नियमित रूप से प्रयोग किया जाता हैं।[10][11] प्रमुख कोशिका पंक्ति संग्रह जिसमें शामिल है अमेरिकन टाइप कल्चर कलेक्शन (ATCC) और जर्मन कलेक्शन ऑफ़ माइक्रोऔर्गेनिज़म (DSMZ) को उन शोधकर्ताओं से कोशिका पंक्ति प्रस्तुतियां प्राप्त हुई जिन्हें शोधकर्ताओं द्वारा गलत पहचाना गया।[10][12] ऐसे संदूषण, कोशिका संवर्धन पंक्ति का प्रयोग करने वाले अनुसंधान की गुणवत्ता के लिए एक समस्या पैदा करते हैं और प्रमुख स्रोत अब सभी कोशिका प्रस्तुतियों को सत्यापित कर रहे हैं।[13] ATCC, अपनी कोशिका पंक्ति को प्रमाणित करने के लिए शॉर्ट टेंडम रिपीट (STR) डीएनए फिंगरप्रिंटिंग का उपयोग करता है।[14]
कोशिका पंक्ति पार-संदूषण की इस समस्या को ठीक करने के लिए, शोधकर्ताओं को कोशिका पंक्ति की पहचान स्थापित करने के लिए एक प्रारंभिक यात्रा में अपने कोशिका पंक्ति को प्रमाणित करने के लिए प्रोत्साहित किया जाता है। प्रमाणीकरण को कोशिका पंक्ति स्टॉक को रोकने से पहले दोहराया जाना चाहिए, हर दो महीने में सक्रिय संवर्धन के दौरान और कोशिका पंक्ति का उपयोग करते हुए उत्पन्न अनुसंधान डेटा के किसी भी प्रकाशन से पहले. कोशिका पंक्ति की पहचान करने के लिए कई विधियां हैं जिसमें शामिल है आइसोइन्जाइम विश्लेषण, मानव लसीकाकोशिका प्रतिजन (HLA) टाइपिंग और STR विश्लेषण.[14]
एक महत्वपूर्ण कोशिका पंक्ति पार-संदूषक है अमर हेला (HeLa) सेल लाइन.
 संवर्धित कोशिकाओं का हेरफेर 
आम तौर पर कोशिकाएं संवर्धन में विभाजित होना जारी रखती हैं, वे आम तौर पर उपलब्ध क्षेत्र या मात्रा को भरने करने के लिए बढ़ती हैं। यह कई मुद्दों को उत्पन्न कर सकता है:
 विकास माध्यम में पोषक तत्व रिक्तीकरण
 एपोप्टोटिक/नेक्रोटिक (मृत) कोशिकाओं का संचय.
 कोशिका-से-कोशिका का संपर्क, सेल साइकिल अरेस्ट को प्रेरित कर सकता है, जो कोशिका को विभाजित होने से रोकता है जिसे संपर्क निषेध या सेनेसेंस के रूप में जाना जाता है।
 कोशिका-से-कोशिका का संपर्क, कोशिकीय भिन्नता को प्रोत्साहित करता है।
संवर्धन कोशिकाओं पर किये जाने वाले आम जोड़तोड़ में है माध्यम परिवर्तन, पैसेजिंग कोशिका और ट्रांसफेक्टिंग कोशिकाएं.
इन्हें आमतौर पर ऊतक संवर्धन तरीकों का उपयोग करते हुए प्रदर्शित किया जाता है जो बांझ तकनीक पर निर्भर होता है। बांझ तकनीक, बैक्टीरिया, खमीर, या अन्य कोशिका पंक्ति के साथ संदूषण से बचने का लक्ष्य रखती है। हेर-फेर को आम तौर पर बायोसेफ्टी हुड या लैमिनर फ्लो कैबिनेट में संपादित किया जाता है ताकि सूक्ष्म-जीवों को बाहर रखा जा सके। एंटीबायोटिक (जैसे पेनिसिलिन और स्ट्रेप्टोमाइसिन) और एंटीफंगल (जैसे एम्फोटेरिसिन B) को भी विकास माध्यम में जोड़ा जा सकता है।
जब कोशिका चयापचय प्रक्रियाओं से गुजरती है, एसिड का उत्पादन होता है और pH घट जाता है। अक्सर, एक pH सूचक को माध्यम से जोड़ा जाता है ताकि पोषक तत्व रिक्तीकरण को नापा जा सके।
 माध्यम बदलाव 
अनुबद्ध संवर्धनों के मामले में, माध्यम को आकांक्षा द्वारा सीधे हटाया जा सकता है और बदला जा सकता है।
 पैसेजिंग कोशिकाएं 

पैसेजिंग (जिसे सबकल्चर या विभाजित कोशिका भी कहा जाता है) में एक नए बर्तन में कोशिकाओं की एक छोटी मात्रा का अंतरण शामिल होता है। कोशिकाओं का, अगर उन्हें नियमित रूप से विभाजित किया जाए तो अधिक लंबे समय के लिए संवर्धन हो सकता है, क्योंकि यह लंबे समय तक कोशिका के उच्च घनत्व से जुड़े सेनेसेंस को दरकिनार करता है। निलंबन संवर्धन को ताज़े माध्यम की एक बड़ी मात्रा में तनुकृत चंद कोशिकाओं वाले संवर्धन की एक छोटी राशि के साथ आसानी से पारण किया जाता है। अनुबद्ध संवर्धन के लिए, कोशिकाओं को पहले अलग करने की जरूरत होती है, इसे आम रूप से ट्रिप्सिन-EDTA के एक मिश्रण के साथ किया जाता है, बहरहाल इस उद्देश्य के लिए अन्य एंजाइम घोल उपलब्ध हैं। पृथक की गई कोशिकाओं की एक छोटी संख्या को फिर एक नए संवर्धन के बीज के रूप में इस्तेमाल किया जा सकता है।
 ट्रांसफेक्शन और ट्रांसडक्शन 


कोशिकाओं के जोड़ तोड़ के लिए एक अन्य आम तरीका है अभिकर्मक द्वारा विदेशी डीएनए का परिचय. ऐसा करने के द्वारा अक्सर कोशिका को रूचि के प्रोटीन को व्यक्त करने के लिए प्रेरित किया जाता है। अभी हाल में, आरएनएआई (RNAi) अभिकर्मक को विशेष प्रोटीन/जीन की अभिव्यक्ति को दबाने के लिए एक सुविधाजनक तंत्र के रूप में हासिल किया गया है। डीएनए को वायरस का उपयोग करने वाली कोशिकाओं में सम्मिलित भी किया जा सकता है, ऐसी विधियों में जिसे ट्रांसडक्शन, संक्रमण या ट्रांन्स्फोर्मेशन के रूप में जाना जाता है। कोशिकाओं में डीएनए को डालने के लिए परजीवी एजेंट के रूप में, वायरस अच्छी तरह से अनुकूल होते हैं, क्योंकि यह उनके प्रजनन का सामान्य तरीका है।
 स्थापित मानव कोशिका पंक्ति 

कोशिका पंक्ति जो मानव में पैदा होती है, वह जैवनीतिशास्त्र में कुछ विवादास्पद है, क्योंकि वे अपने जनक जीव से अधिक जीवित रह सकते हैं और बाद में उनका इस्तेमाल लाभप्रद चिकित्सा उपचार की खोज में हो सकता है। इस क्षेत्र में अग्रणी फैसले में, कैलिफोर्निया सुप्रीम कोर्ट ने मूर बनाम रीजेन्ट्स ऑफ़ द यूनिवर्सिटी ऑफ़ कैलिफोर्निया यह माना कि मानव रोगियों का उन कोशिका पंक्ति पर कोई संपत्ति अधिकार नहीं है जिसे उनकी सहमति से निकाले गए अंग से लिया गया हो। [15]
 हाईब्रीडोमाज़ का जनन 

सामान्य कोशिकाओं को एक अमर कोशिका पंक्ति के साथ मिश्रित करना संभव है। इस विधि का प्रयोग मोनोक्लोनल एंटीबॉडी के उत्पादन के लिए किया जाता है। संक्षेप में, प्रतिरक्षित पशु की एक प्लीहा (या संभवतः रक्त) से अलग किये गए लिम्फोसाईट को अमर माइलोमा कोशिका पंक्ति (बी सेल वंश) के साथ संयुक्त किया जाता है ताकि ऐसा एक हाइब्रिडोमा उत्पन्न हो जिसमें प्राथमिक लिम्फोसाईट की एंटीबॉडी विशिष्टता और माइलोमा की अमरता मौजूद हो। चयनात्मक विकास माध्यम (HA या HAT) को असंयुक्त कोशिकाओं के खिलाफ इस्तेमाल किया जाता है; प्राथमिक लिम्फोसाईट संवर्धन में जल्दी मर जाते हैं और केवल संयुक्त कोशिकाएं जीवित रहती हैं। इन्हें आवश्यक एंटीबॉडी के उत्पादन के लिए जांचा जाता है, आमतौर पर शुरूआत में एक साथ और फिर उसके बाद एकल क्लोनिंग के बाद.
==Applications of cell culture== Mass culture of animal cell lines is fundamental to the manufacture of viral vaccines and other products of biotechnology[16] 
, such as adjuvants[17]
 गैर-स्तनपाई कोशिकाओं का संवर्धन 
 पौध कोशिका संवर्धन का तरीका 


पौधों के कोशिका संवर्धन को आम तौर पर तरल माध्यम में कोशिका निलंबन संवर्धन के रूप में विकसित किया जाता है या ठोस माध्यम में कैलस संवर्धन के रूप में. पौधे की अलग ना की हुई कोशिकाओं और कल्ली के लिए पौध विकास हार्मोन औक्सिन और साइटोकिनिन के लिए उचित संतुलन की आवश्यकता है।
 बैक्टीरिया और किण्व संवर्धन तरीके 

बैक्टीरिया और किण्व के लिए, कोशिका की छोटी मात्रा को आमतौर पर एक ठोस समर्थन पर विकसित किया जाता है जिसमें पोषक तत्व निहित होता है, आमतौर पर एक जेल जैसे अगर, जबकि बड़े पैमाने के संवर्धन को एक पोषक तत्व शोरबा में निलंबित कोशिकाओं के साथ उपजाया जाता है।
 वायरल संवर्धन तरीके 

वायरस संवर्धन के लिए स्तनधारी, पौधे, कवक या बैक्टीरिया के कोशिका संवर्धन की आवश्यकता होती है जो वाइरस के विकास और बढ़ोतरी के लिए मेजबान के रूप में काम करता है। सम्पूर्ण जंगली प्रकार के वायरस, पुनः संयोजक वायरस या वायरल उत्पादों को ऐसे कोशिका प्रकार में उत्पन्न किया जा सकता है जो सही स्थितियों में उनके प्राकृतिक मेजबान से इतर हों. वायरस की प्रजातियों पर निर्भर करते हुए संक्रमण और वाइरल वर्धन, मेजबान सेल और वाइरल प्लेक के गठन में फलित हो सकता है।
 आम कोशिका पंक्ति 
मानव कोशिका पंक्ति 
 राष्ट्रीय कैंसर संस्थान की 60 कैंसर कोशिका पंक्ति 
 ESTDAB डेटाबेस 
 DU145 (प्रोस्टेट कैंसर)
 Lncap (प्रोस्टेट कैंसर)
 MCF-7 (स्तन कैंसर)
 MDA-MB-438 (स्तन कैंसर)
 PC3 (प्रोस्टेट कैंसर)
 T47D (स्तन कैंसर)
 THP-1 (तीव्र मिलोइड रक्ताल्पता)
 U87 (ग्लियोब्लास्टोमा)
 SHSY5Y मानव न्यूरोब्लास्टोमा कोशिका, माइलोमा से क्लोन निर्मित 
 Saos-2 कोशिका (हड्डी का कैंसर)
प्राइमेट कोशिका पंक्ति
 वेरो (अफ्रीकी हरा बंदर क्लोरोसेबस गुर्दे की उपकला कोशिका पंक्ति शुरू 1962)
चूहा ट्यूमर कोशिका पंक्ति
 GH3 (पीयूषिका ट्यूमर)
 PC12 (फिओक्रोमोसाइटोमा)
मूषक कोशिका पंक्ति
 MC3T3 (भ्रूण काल्वेरिअल)
पौध कोशिका पंक्ति
 तम्बाकू BY-2 कोशिका (कोशिका निलंबन संवर्धन के रूप में रखी, वे पौधे के कोशिका के मॉडल प्रणाली हैं)
अन्य प्रजातियों की कोशिका पंक्ति 
 जेब्राफिश ZF4 और AB9 कोशिका.
 मदीन-डर्बी कैनाइन किडनी (MDCK) उपकला कोशिका पंक्ति 
 जेनोपस A6 गुर्दे की उपकला कोशिका.
 कोशिका पंक्तियों की सूची 

नोट: यह सूची उपलब्ध कोशिका पंक्ति का एक नमूना है और व्यापक नहीं है
 यह भी देंखे 
 जैविक अमरता
 कोशिका संवर्धन ऐसे 
 इलेक्ट्रिक सेल सब्सट्रेट संवेदन प्रतिबाधा
 दूषित कोशिका पंक्ति की सूची
 अंग संवर्धन
 प्लांट टिशू संवर्धन
 उत्तक संवर्धन
 सन्दर्भ और नोट 

 , स्वास्थ्य संरक्षण एजेंसी संवर्धन संग्रह (ECACC)
 मेक्लोइड, आरएएफ एट अल. (1999): व्यापक अंतरप्रजाति मानव ट्यूमर कोशिका पंक्ति का पार संदूषण. इंटरनेशनल जर्नल ऑफ कैंसर 83:555-563.
 मास्टर, जॉन आर (2002): हेला कोशिका 50 वर्ष: द गुड, द बेड एंड द अग्ली. नेचर रिव्यू कैंसर 2:315-319.
 बाहरी कड़ियाँ 


  मेड इतिहास. जुलाई 1983, 27 (3): 269-288.


  (एनसीसीएस), पुणे, भारत; सेल लाइन/हाइब्रिडोमास के लिए राष्ट्रीय रिपोजिटरी





  - कोशिका संवर्धन परिचय, जिसके विषय हैं प्रयोगशाला स्थापन, मूल कोशिका संवर्धन प्रोटोकॉल और वीडियो प्रशिक्षण सहित सुरक्षा और सड़न रोकनेवाली तकनीक 


श्रेणी:जैव प्रौद्योगिकी
श्रेणी:कोशिका जीवविज्ञान
श्रेणी:कोशिका संवर्धन
श्रेणी:आण्विक जीव विज्ञान तकनीक
श्रेणी:कोशिका पंक्ति
श्रेणी:श्रेष्ठ लेख योग्य लेख
श्रेणी:गूगल परियोजना",कोशिका संवर्धन का आविष्कार किसने किया?,रॉस ग्रेनविले हैरिसन
"गुप्त राजवंश या गुप्त वंश प्राचीन भारत के प्रमुख राजवंशों में से एक था। 
मौर्य वंश के पतन के बाद दीर्घकाल हर्ष तक भारत में राजनीतिक एकता स्थापित नहीं रही। कुषाण एवं सातवाहनों ने राजनीतिक एकता लाने का प्रयास किया। मौर्योत्तर काल के उपरान्त तीसरी शताब्दी इ. में तीन राजवंशो का उदय हुआ जिसमें मध्य भारत में नाग शक्‍ति, दक्षिण में बाकाटक तथा पूर्वी में गुप्त वंश प्रमुख हैं। मौर्य वंश के पतन के पश्चात नष्ट हुई राजनीतिक एकता को पुनस्थापित करने का श्रेय गुप्त वंश को है।
गुप्त साम्राज्य की नींव तीसरी शताब्दी के चौथे दशक में तथा उत्थान चौथी शताब्दी की शुरुआत में हुआ। गुप्त वंश का प्रारम्भिक राज्य आधुनिक उत्तर प्रदेश और बिहार में था।
 साम्राज्य की स्थापना: श्रीगुप्त 
गुप्‍त सामाज्‍य का उदय तीसरी शताब्‍दी के अन्‍त में प्रयाग के निकट [[[कौशाम्‍बी]] में हुआ था। जिस प्राचीनतम गुप्त राजा के बारे में पता चला है वो है श्रीगुप्त। हालांकि प्रभावती गुप्त के पूना ताम्रपत्र अभिलेख में इसे 'आदिराज' कहकर सम्बोधित किया गया है। श्रीगुप्त ने गया में चीनी यात्रियों के लिए एक मंदिर बनवाया था जिसका उल्लेख चीनी यात्री इत्सिंग ने ५०० वर्षों बाद सन् ६७१ से सन् ६९५ के बीच में किया। पुराणों में ये कहा गया है कि आरंभिक गुप्त राजाओं का साम्राज्य गंगा द्रोणी, प्रयाग, साकेत (अयोध्या) तथा मगध में फैला था। श्रीगुप्त के समय में महाराजा की उपाधि सामन्तों को प्रदान की जाती थी, अतः श्रीगुप्त किसी के अधीन शासक था। प्रसिद्ध इतिहासकार के. पी. जायसवाल के अनुसार श्रीगुप्त भारशिवों के अधीन छोटे से राज्य प्रयाग का शासक था। चीनी यात्री इत्सिंग के अनुसार मगध के मृग शिखावन में एक मन्दिर का निर्माण करवाया था। तथा मन्दिर के व्यय में २४ गाँव को दान दिये थे।
 घटोत्कच 
श्रीगुप्त के बाद उसका पुत्र घटोत्कच गद्दी पर बैठा। २८० ई. से 320 ई. तक गुप्त साम्राज्य का शासक बना रहा। इसने भी महाराजा की उपाधि धारण की थी। कही कही इसे पहला गुप्त शासक कहा गया है।
 चंद्रगुप्त प्रथम 
सन् ३२० में चन्द्रगुप्त प्रथम अपने पिता घटोत्कच के बाद राजा बना। गुप्त साम्राज्य की समृद्धि का युग यहीं से आरंभ होता है। चन्द्र्गुप्त के सिंहासनारोहण के अवसर पर (319-20 ई.) इसने नवीन सम्वत (गुप्त सम्वत) की स्थापना की।
चन्द्रगुप्त गुप्त वंशावली में पहला स्वतन्त्र शासक था। इसने महाराजाधिराज की उपाधि धारण की थी। बाद में लिच्छवि को अपने साम्राज्य में सम्मिलित कर लिया। इसका शासन काल (३२० ई. से 335 ई. तक) था।
पुराणों तथा प्रयाग प्रशस्ति से चन्द्रगुप्त प्रथम के राज्य के विस्तार के विषय में जानकारी मिलती है। चन्द्रगुप्त ने लिच्छवि के सहयोग और समर्थन पाने के लिए उनकी राजकुमारी कुमार देवी के साथ विवाह किया। स्मिथ के अनुसार इस वैवाहिक सम्बन्ध के परिणामस्वरूप चन्द्रगुप्त ने लिच्छवियों का राज्य प्राप्त कर लिया तथा मगध उसके सीमावर्ती क्षेत्र में आ गया। कुमार देवी के साथ विवाह-सम्बन्ध करके चन्द्रगुप्त प्रथम ने वैशाली राज्य प्राप्त किया। चन्द्रगुप्त ने जो सिक्के चलाए उसमें चन्द्रगुप्त और कुमारदेवी के चित्र अंकित होते थे। लिच्छवियों के दूसरे राज्य नेपाल के राज्य को उसके पुत्र समुद्रगुप्त ने मिलाया।
हेमचन्द्र राय चौधरी के अनुसार अपने महान पूर्ववर्ती शासक बिम्बिसार की भाँति चन्द्रगुप्त प्रथम ने लिच्छवि राजकुमारी कुमार देवी के साथ विवाह कर द्वितीय मगध साम्राज्य की स्थापना की। उसने विवाह की स्मृति में राजा-रानी प्रकार के सिक्‍कों का चलन करवाया। इस प्रकार स्पष्ट है कि लिच्छवियों के साथ सम्बन्ध स्थापित कर चन्द्रगुप्त प्रथम ने अपने राज्य को राजनैतिक दृष्टि से सुदृढ़ तथा आर्थिक दृष्टि से समृद्ध बना दिया। राय चौधरी के अनुसार चन्द्रगुप्त प्रथम ने कौशाम्बी तथा कौशल के महाराजाओं को जीतकर अपने राज्य में मिलाया तथा साम्राज्य की राजधानी पाटलिपुत्र में स्थापित की।
चन्द्रगुप्त ने महाराजाधिराज की उपाधी प्राप्त की थी।
 समुद्रगुप्त 

चन्द्रगुप्त प्रथम के बाद 335 ई. में उसका तथा कुमारदेवी का पुत्र समुद्रगुप्त राजसिंहासन पर बैठा। समुद्रगुप्त का जन्म लिच्छवि राजकुमारी कुमार देवी के गर्भ से हुआ था। सम्पूर्ण प्राचीन भारतीय इतिहास में महानतम शासकों के रूप में वह नामित किया जाता है। इन्हें परक्रमांक कहा गया है। समुद्रगुप्त का शासनकाल राजनैतिक एवं सांस्कृतिक दृष्टि से गुप्त साम्राज्य के उत्कर्ष का काल माना जाता है। इस साम्राज्य की राजधानी पाटलिपुत्र थी। समुद्रगुप्त ने महाराजाधिराज की उपाधि धारण की।
समुद्रगुप्त एक असाधारण सैनिक योग्यता वाला महान विजित सम्राट था। विन्सेट स्मिथ ने इन्हें नेपोलियन की उपाधी दी। उसका सबसे महत्वपूर्ण अभियान दक्षिण की तरफ़ (दक्षिणापथ) था। इसमें उसके बारह विजयों का उल्लेख मिलता है।
समुद्रगुप्त एक अच्छा राजा होने के अतिरिक्त एक अच्छा कवि तथा संगीतज्ञ भी था। उसका देहांत 380 ई. में हुआ जिसके बाद उसका पुत्र चन्द्गुप्त द्वितीय जिसे विक्रमादित्य के नाम से भी जाना जात है राजा बना। यह उच्चकोटि का विद्वान तथा विद्या का उदार संरक्षक था। उसे कविराज भी कहा गया है। वह महान संगीतज्ञ था जिसे वीणा वादन का शौक था। इसने प्रसिद्ध बौद्ध विद्वान वसुबन्धु को अपना मन्त्री नियुक्‍त किया था।
हरिषेण समुद्रगुप्त का मन्त्री एवं दरबारी कवि था। हरिषेण द्वारा रचित प्रयाग प्रशस्ति से समुद्रगुप्त के राज्यारोहण, विजय, साम्राज्य विस्तार के सम्बन्ध में जानकारी प्राप्त होती है।
काव्यालंकार सूत्र में समुद्रगुप्त का नाम चन्द्रप्रकाश मिलता है। उसने उदार, दानशील, असहायी तथा अनाथों को अपना आश्रय दिया। समुद्रगुप्त एक धर्मनिष्ठ भी था लेकिन वह हिन्दू धर्म मत का पालन करता था। वैदिक धर्म के अनुसार इन्हें धर्म व प्राचीर बन्ध यानी धर्म की प्राचीर कहा गया है।
समुद्रगुप्त का साम्राज्य- समुद्रगुप्त ने एक विशाल साम्राज्य का निर्माण किया जो उत्तर में हिमालय से लेकर दक्षिण में विन्ध्य पर्वत तक तथा पूर्व में बंगाल की खाड़ी से पश्‍चिम में पूर्वी मालवा तक विस्तृत था। कश्मीर, पश्‍चिमी पंजाब, पश्‍चिमी राजपूताना, सिन्ध तथा गुजरात को छोड़कर समस्त उत्तर भारत इसमें सम्मिलित थे। दक्षिणापथ के शासक तथा पश्‍चिमोत्तर भारत की विदेशी शक्‍तियाँ उसकी अधीनता स्वीकार करती थीं।
समुद्रगुप्त के काल में सदियों के राजनीतिक विकेन्द्रीकरण तथा विदेशी शक्‍तियों के आधिपत्य के बाद आर्यावर्त पुनः नैतिक, बौद्धिक तथा भौतिक उन्‍नति की चोटी पर जा पहुँचा था।
 रामगुप्त 
समुद्रगुप्त के बाद रामगुप्त सम्राट बना, लेकिन इसके राजा बनने में विभिन्‍न विद्वानों में मतभेद है।
विभिन्‍न साक्ष्यों के आधार पर पता चलता है कि समुद्रगुप्त के दो पुत्र थे- रामगुप्त तथा चन्द्रगुप्त। रामगुप्त बड़ा होने के कारण पिता की मृत्यु के बाद गद्दी पर बैठा, लेकिन वह निर्बल एवं कायर था। वह शकों द्वारा पराजित हुआ और अत्यन्त अपमानजनक सन्धि कर अपनी पत्‍नी ध्रुवस्वामिनी को शकराज को भेंट में दे दिया था, लेकिन उसका छोटा भाई चन्द्रगुप्त द्वितीय बड़ा ही वीर एवं स्वाभिमानी व्यक्‍ति था। वह छद्‍म भेष में ध्रुवस्वामिनी के वेश में शकराज के पास गया। फलतः रामगुप्त निन्दनीय होता गया। तत्पश्‍चात् ‌चन्द्रगुप्त द्वितीय ने अपने बड़े भाई रामगुप्त की हत्या कर दी। उसकी पत्‍नी से विवाह कर लिया और गुप्त वंश का शासक बन बैठा।
 चन्द्रगुप्त द्वितीय विक्रमादित्य 


चन्द्रगुप्त द्वितीय ३७५ ई. में सिंहासन पर आसीन हुआ। वह समुद्रगुप्त की प्रधान महिषी दत्तदेवी से हुआ था। वह विक्रमादित्य के नाम से इतिहास में प्रसिद्ध हुआ। उसने ३७५ से ४१५ ई. तक (४० वर्ष) शासन किया।
चन्द्रगुप्त द्वितीय ने शकों पर अपनी विजय हासिल की जिसके बाद गुप्त साम्राज्य एक शक्तिशाली राज्य बन गया। चन्द्रगुप्त द्वितीय के समय में क्षेत्रीय तथा सांस्कृतिक विस्तार हुआ।
हालांकि चन्द्रगुप्त द्वितीय का अन्य नाम देव, देवगुप्त, देवराज, देवश्री आदि हैं। उसने विक्रयांक, विक्रमादित्य, परम भागवत आदि उपाधियाँ धारण की। उसने नागवंश, वाकाटक और कदम्ब राजवंश के साथ वैवाहिक सम्बन्ध स्थापित किये। चन्द्रगुप्त द्वितीय ने नाग राजकुमारी कुबेर नागा के साथ विवाह किया जिससे एक कन्या प्रभावती गुप्त पैदा हुई। वाकाटकों का सहयोग पाने के लिए चन्द्रगुप्त ने अपनी पुत्री प्रभावती गुप्त का विवाह वाकाटक नरेश रूद्रसेन द्वितीय के साथ कर दिया। उसने एसा संभवतः इसलिए किया कि शकों पर आक्रमण करने से पहले दक्कन में उसको समर्थन हासिल हो जाए। उसने प्रभावती गुप्त के सहयोग से गुजरात और काठियावाड़ की विजय प्राप्त की। वाकाटकों और गुप्तों की सम्मिलित शक्‍ति से शकों का उन्मूलन किया।
कदम्ब राजवंश का शासन कुंतल (कर्नाटक) में था। चन्द्रगुप्त के पुत्र कुमारगुप्त प्रथम का विवाह कदम्ब वंश में हुआ।
शक उस समय गुजरात तथा मालवा के प्रदेशों पर राज कर रहे थे। शकों पर विजय के बाद उसका साम्राज्य न केवल मजबूत बना बल्कि उसका पश्चिमी समुद्र पत्तनों पर अधिपत्य भी स्थापित हुआ। इस विजय के पश्चात उज्जैन गुप्त साम्राज्य की राजधानी बना।
विद्वानों को इसमें संदेह है कि चन्द्रगुप्त द्वितीय तथा विक्रमादित्य एक ही व्यक्ति थे। उसके शासनकाल में चीनी बौद्ध यात्री फाहियान ने 399 ईस्वी से 414 ईस्वी तक भारत की यात्रा की। उसने भारत का वर्णन एक सुखी और समृद्ध देश के रूप में किया। चन्द्रगुप्त द्वितीय के शासनकाल को स्वर्ण युग भी कहा गया है।
चन्द्रगुप्त एक महान प्रतापी सम्राट था। उसने अपने साम्राज्य का और विस्तार किया।
 शक विजय- पश्‍चिम में शक क्षत्रप शक्‍तिशाली साम्राज्य था। ये गुप्त राजाओं को हमेशा परेशान करते थे। शक गुजरात के काठियावाड़ तथा पश्‍चिमी मालवा पर राज्य करते थे। ३८९ ई. ४१२ ई. के मध्य चन्द्रगुप्त द्वितीय द्वारा शकों पर आक्रमण कर विजित किया।
 वाहीक विजय- महाशैली स्तम्भ लेख के अनुसार चन्द्र गुप्त द्वितीय ने सिन्धु के पाँच मुखों को पार कर वाहिकों पर विजय प्राप्त की थी। वाहिकों का समीकरण कुषाणों से किया गया है, पंजाब का वह भाग जो व्यास का निकटवर्ती भाग है।
 बंगाल विजय- महाशैली स्तम्भ लेख के अनुसार यह ज्ञात होता है कि चन्द्र गुप्त द्वितीय ने बंगाल के शासकों के संघ को परास्त किया था।
 गणराज्यों पर विजय- पश्‍चिमोत्तर भारत के अनेक गणराज्यों द्वारा समुद्रगुप्त की मृत्यु के पश्‍चात्‌अपनी स्वतन्त्रता घोषित कर दी गई थी।
परिणामतः चन्द्रगुप्त द्वितीय द्वारा इन गणरज्यों को पुनः विजित कर गुप्त साम्राज्य में विलीन किया गया। अपनी विजयों के परिणामस्वरूप चन्द्रगुप्त द्वितीय ने एक विशाल साम्राज्य की स्थापना की। उसका साम्राज्य पश्‍चिम में गुजरात से लेकर पूर्व में बंगाल तक तथा उत्तर में हिमालय की तापघटी से दक्षिण में नर्मदा नदी तक विस्तृत था। चन्द्रगुप्त द्वितीय के शासन काल में उसकी प्रथम राजधानी पाटलिपुत्र और द्वितीय राजधानी उज्जयिनी थी।
चन्द्रगुप्त द्वितीय का काल कला-साहित्य का स्वर्ण युग कहा जाता है। उसके दरबार में विद्वानों एवं कलाकारों को आश्रय प्राप्त था। उसके दरबार में नौ रत्‍न थे- कालिदास, धन्वन्तरि, क्षपणक, अमरसिंह, शंकु, बेताल भट्ट, घटकर्पर, वाराहमिहिर, वररुचि, आर्यभट्ट, विशाखदत्त, शूद्रक, ब्रम्हगुप्त, विष्णुशर्मा और भास्कराचार्य उल्लेखनीय थे। ब्रह्मगुप्त ने ब्रह्मसिद्धांत प्रतिपादित किया जिसे बाद में न्यूटन ने गुरुत्वाकर्षण के नाम से प्रतिपादित किया।
 कुमारगुप्त प्रथम 

कुमारगुप्त प्रथम, चन्द्रगुप्त द्वितीय की मृत्यु के बाद सन् 412 में सत्तारूढ़ हुआ। अपने दादा समुद्रगुप्त की तरह उसने भी अश्वमेघ यज्ञ के सिक्के जारी किये। कुमारगुप्त ने चालीस वर्षों तक शासन किया।
कुमारगुप्त प्रथम (४१२ ई. से ४५५ ई.)- चन्द्रगुप्त द्वितीय के पश्‍चात्‌४१२ ई. में उसका पुत्र कुमारगुप्त प्रथम सिंहासन पर बैठा। वह चन्द्रगुप्त द्वितीय की पत्‍नी ध्रुवदेवी से उत्पन्‍न सबसे बड़ा पुत्र था, जबकि गोविन्दगुप्त उसका छोटा भाई था। यह कुमारगुप्त के बसाठ (वैशाली) का राज्यपाल था।
कुमारगुप्त प्रथम का शासन शान्ति और सुव्यवस्था का काल था। साम्राज्य की उन्‍नति के पराकाष्ठा पर था। इसने अपने साम्राज्य का अधिक संगठित और सुशोभित बनाये रखा। गुप्त सेना ने पुष्यमित्रों को बुरी तरह परास्त किया था। कुमारगुप्त ने अपने विशाल साम्राज्य की पूरी तरह रक्षा की जो उत्तर में हिमालय से दक्षिण में नर्मदा तक तथा पूर्व में बंगाल की खाड़ी से लेकर पश्‍चिम में अरब सागर तक विस्तृत था।
कुमारगुप्त प्रथम के अभिलेखों या मुद्राओं से ज्ञात होता है कि उसने अनेक उपाधियाँ धारण कीं। उसने महेन्द्र कुमार, श्री महेन्द्र, श्री महेन्द्र सिंह, महेन्द्रा दिव्य आदि उपाधि धारण की थी। मिलरक्द अभिलेख से ज्ञात होता है कि कुमारगुप्त के साम्राज्य में चतुर्दिक सुख एवं शान्ति का वातावरण विद्यमान था। कुमारगुप्त प्रथम स्वयं वैष्णव धर्मानुयायी था, किन्तु उसने धर्म सहिष्णुता की नीति का पालन किया। गुप्त शासकों में सर्वाधिक अभिलेख कुमारगुप्त के ही प्राप्त हुए हैं। उसने अधिकाधिक संक्या में मयूर आकृति की रजत मुद्राएं प्रचलित की थीं। उसी के शासनकाल में नालन्दा विश्‍वविद्यालय की स्थापना की गई थी।
कुमारगुप्त प्रथम के शासनकाल की प्रमुख घटनओं का निम्न विवरण है-
 पुष्यमित्र से युद्ध- भीतरी अभिलेख से ज्ञात होता है कि कुमारगुप्त के शासनकाल के अन्तिम क्षण में शान्ति नहीं थी। इस काल में पुष्यमित्र ने गुप्त साम्राज्य पर आक्रमण किया। इस युद्ध का संचालन कुमारगुप्त के पुत्र स्कन्दगुप्त ने किया था। उसने पुष्यमित्र को युद्ध में परास्त किया।
 दक्षिणी विजय अभियान- कुछ इतिहास के विद्वानों के मतानुसार कुमारगुप्त ने भी समुद्रगुप्त के समान दक्षिण भारत का विजय अभियान चलाया था, लेकिन सतारा जिले से प्राप्त अभिलेखों से यह स्पष्ट नहीं हो पाता है।
 अश्‍वमेध यज्ञ- सतारा जिले से प्राप्त १,३९५ मुद्राओं व लेकर पुर से १३ मुद्राओं के सहारे से अश्‍वमेध यज्ञ करने की पुष्टि होती है।
 स्कन्दगुप्त 

पुष्यमित्र के आक्रमण के समय ही गुप्त शासक कुमारगुप्त प्रथम की ४५५ ई. में मृत्यु हो गयी थी। उसकी मृत्यु के बाद उसका पुत्र स्कन्दगुप्त सिंहासन पर बैठा। उसने सर्वप्रथम पुष्यमित्र को पराजित किया और उस पर विजय प्राप्त की। हालाँकि सैन्य अभियानों में वो पहले से ही शामिल रहता था। मन्दसौर शिलालेख से ज्ञात होता है कि स्कन्दगुप्त की प्रारम्भिक कठिनाइयों का फायदा उठाते हुए वाकाटक शासक नरेन्द्र सेन ने मालवा पर अधिकार कर लिया परन्तु स्कन्दगुप्त ने वाकाटक शासक नरेन्द्र सेन को पराजित कर दिया।
स्कंदगुप्त ने 12 वर्ष तक शासन किया। स्कन्दगुप्त ने विक्रमादित्य, क्रमादित्य आदि उपाधियाँ धारण कीं। कहीय अभिलेख में स्कन्दगुप्त को शक्रोपन कहा गया है।
स्कन्दगुप्त का शासन बड़ा उदार था जिसमें प्रजा पूर्णरूपेण सुखी और समृद्ध थी। स्कन्दगुप्त एक अत्यन्त लोकोपकारी शासक था जिसे अपनी प्रजा के सुख-दुःख की निरन्तर चिन्ता बनी रहती थी। जूनागढ़ अभिलेख से पता चलता है कि स्कन्दगुप्त के शासन काल में भारी वर्षा के कारण सुदर्शन झील का बाँध टूट गया था उसने दो माह के भीतर अतुल धन का व्यय करके पत्थरों की जड़ाई द्वारा उस झील के बाँध का पुनर्निर्माण करवा दिया।
उसके शासनकाल में संघर्षों की भरमार लगी रही। उसको सबसे अधिक परेशान मध्य एशियाई हूण लोगो ने किया। हूण एक बहुत ही दुर्दांत कबीले थे तथा उनके साम्राज्य से पश्चिम में रोमन साम्राज्य को भी खतरा बना हुआ था। श्वेत हूणों के नाम से पुकारे जाने वाली उनकी एक शाखा ने हिंदुकुश पर्वत को पार करके फ़ारस तथा भारत की ओर रुख किया। उन्होंने पहले गांधार पर कब्जा कर लिया और फिर गुप्त साम्राज्य को चुनौती दी। पर स्कंदगुप्त ने उन्हे करारी शिकस्त दी और हूणों ने अगले 50 वर्षों तक अपने को भारत से दूर रखा। स्कंदगुप्त ने मौर्यकाल में बनी सुदर्शन झील का जीर्णोद्धार भी करवाया।
गोविन्दगुप्त स्कन्दगुप्त का छोटा चाचा था, जो मालवा के गवर्नर पद पर नियुक्‍त था। इसने स्कन्दगुप्त के विरुद्ध विद्रोह कर दिया। स्कन्दगुप्त ने इस विद्रोह का दमन किया।
स्कन्दगुप्त राजवंश का आखिरी शक्‍तिशाली सम्राट था। ४६७ ई. उसका निधन हो गया।

 पतन 
स्कंदगुप्त की मृत्य सन् 467 में हुई। हंलांकि गुप्त वंश का अस्तित्व इसके 100 वर्षों बाद तक बना रहा पर यह धीरे धीरे कमजोर होता चला गया।
स्कन्दगुप्त के बाद इस साम्राज्य में निम्नलिखित प्रमुख राजा हुए:
 पुरुगुप्त
 यह कुमारगुप्त का पुत्र था और स्कन्दगुप्त का सौतेला भाई था। स्कन्दगुप्त का कोई अपना पुत्र नहीं था। पुरुगुप्त बुढ़ापा अवस्था में राजसिंहासन पर बैठा था फलतः वह सुचारु रूप से शासन को नहीं चला पाया और साम्राज्य का पतन प्रारम्भ हो गया।
 कुमारगुप्त द्वितीय
 पुरुगुप्त का उत्तराधिकारी कुमारगुप्त द्वितीय हुआ। सारनाथ लेख में इसका समय ४४५ ई. अंकित है।
 बुधगुप्त
 कुमारगुप्त द्वितीय के बाद बुधगुप्त शासक बना जो नालन्दा से प्राप्त मुहर के अनुसार पुरुगुप्त का पुत्र था। उसकी माँ चन्द्रदेवी था। उसने ४७५ ई. से ४९५ ई. तक शासन किया। ह्वेनसांग के अनुसार वह बौद्ध मत अनुयायी था। उसने नालन्दा बौद्ध महाविहार को काफी धन दिया था।
 नरसिंहगुप्त बालादित्य 
 बुधगुप्त की मृत्यु के बाद उसका छोटा भाई नरसिंहगुप्त शासक बना। इस समय गुप्त साम्राज्य तीन भागों क्रमशः मगध, मालवा तथा बंगाल में बँट गया। मगध में नरसिंहगुप्त, मालवा में भानुगुप्त, बिहार में तथा बंगाल क्षेत्र में वैन्यगुप्त ने अपना स्वतन्त्र शसन स्थापित किया। नरसिंहगुप्त तीनों में सबसे अधिक शक्‍तिशाली राजा था। हूणों का कुरु एवं अत्याचारी आक्रमण मिहिरकुल को पराजित कर दिया था। नालन्दा मुद्रा लेख में नरसिंहगुप्त को परम भागवत कहा गया है।
 कुमारगुप्त तृतीय 
 नरसिंहगुप्त के बाद उसका पुत्र कुमारगुप्त तृतीय मगध के सिंहासन पर बैठा। वह २४ वाँ शासक बना। कुमारगुप्त तृतीय गुप्त वंश का अन्तिम शासक था।
 दामोदरगुप्त
 कुमरगुप्त के निधन के बाद उसका पुत्र दामोदरगुप्त राजा बना। ईशान वर्मा का पुत्र सर्ववर्मा उसका प्रमुख प्रतिद्वन्दी मौखरि शासक था। सर्ववर्मा ने अपने पिता की पराजय का बदला लेने हेतु युद्ध किया। इस युद्ध में दामोदरगुप्त की हार हुई। यह युद्ध ५८२ ई. के आस-पस हुआ था।
 महासेनगुप्त
 दामोदरगुप्त के बाद उसका पुत्र महासेनगुप्त शासक बना था। उसने मौखरि नरेश अवन्ति वर्मा की अधीनता स्वीकार कर ली। महासेनगुप्त ने असम नरेश सुस्थित वर्मन को ब्राह्मण नदी के तट पर पराजित किया। अफसढ़ लेख के अनुसार महासेनगुप्त बहुत पराक्रमी था।
 देवगुप्त
 महासेनगुप्त के बाद उसका पुत्र देवगुप्त मलवा का शासक बना। उसके दो सौतेले भाई कुमारगुप्त और माधवगुप्त थे। देवगुप्त ने गौड़ शासक शशांक के सहयोग से कन्‍नौज के मौखरि राज्य पर आक्रमण किया और गृह वर्मा की हत्या कर दी। प्रभाकर वर्धन के बड़े पुत्र राज्यवर्धन ने शीघ्र ही देवगुप्त पर आक्रमण करके उसे मार डाल्श।
 माधवगुप्त
 हर्षवर्धन के समय में माधवगुप्त मगध के सामन्त के रूप में शासन करता था। वह हर्ष का घनिष्ठ मित्र और विश्‍वासपात्र था। हर्ष जब शशांक को दण्डित करने हेतु गया तो माधवगुप्त साथ गया था। उसने ६५० ई. तक शासन किया। हर्ष की मृत्यु के उपरान्त उत्तर भारत में अराजकता फैली तो माधवगुप्त ने भी अपने को स्वतन्त्र शासक घोषित किया।
गुप्त साम्राज्य का ५५० ई. में पतन हो गया। बुद्धगुप्त के उत्तराधिकारी अयोग्य निकले और हूणों के आक्रमण का सामना नहीं कर सके। हूणों ने सन् 512 में तोरमाण के नेतृत्व में फिर हमला किया और ग्वालियर तथा मालवा तक के एक बड़े क्षेत्र पर अधिपत्य कायम कर लिया। इसके बाद सन् 606 में हर्ष का शासन आने के पहले तक आराजकता छाई रही। हूण ज्यादा समय तक शासन न कर सके।
 उत्तर गुप्त राजवंश 
उत्तर गुप्त राजवंश भी देखें
गुप्त वंश के पतन के बाद भारतीय राजनीति में विकेन्द्रीकरण एवं अनिश्‍चितता का माहौल उत्पन्‍न हो गया। अनेक स्थानीय सामन्तों एवं शासकों ने साम्राज्य के विस्तृत क्षेत्रों में अलग-अलग छोटे-छोटे राजवंशों की स्थापना कर ली। इसमें एक था- उत्तर गुप्त राजवंश। इस राजवंश ने करीब दो शताब्दियों तक शासन किया। इस वंश के लेखों में चक्रवर्ती गुप्त राजाओं का उल्लेख नहीं है।
परवर्ती गुप्त वंश के संस्थापक कृष्णगुप्त ने (५१० ई. ५२१ ई.) स्थापना की। अफसढ़ लेख के अनुसार मगध उसका मूल स्थान था, जबकि विद्वानों ने उनका मूल स्थान मालवा कहा गया है। उसका उत्तराधिकारी हर्षगुप्त हुआ है। उत्तर गुप्त वंश के तीन शासकों ने शासन किया। तीनों शासकों ने मौखरि वंश से मैत्रीपूर्ण सम्बन्ध कायम रहा।
कुमारगुप्त उत्तर गुप्त वंश का चौथा राजा था जो जीवित गुप्त का पुत्र था। यह शासक अत्यन्त शक्‍तिशाली एवं महत्वाकांक्षी था। इसने महाराजाधिराज की उपाधि धारण की। उसका प्रतिद्वन्दी मौखरि नरेश ईशान वर्मा समान रूप से महत्वाकांक्षी शासक था। इस समय प्रयाग में पुण्यार्जन हेतु प्राणान्त करने की प्रथा प्रचलित थी। हांग गांगेय देव जैसे शसकों का अनुसरण करते हुए कुमार गुप्त ने प्रयाग जाकर स्वर्ग प्राप्ति की लालसा से अपने जीवन का त्याग किया।
गुप्तकालीन स्थापत्य
गुप्त काल में कला, विज्ञान और साहित्य ने अत्यधिक समृद्धि प्राप्त की। इस काल के साथ ही भारत ने मंदिर वास्तुकला एवं मूर्तिकला के उत्कृष्ट काल में प्रवेश किया। शताब्दियों के प्रयास से कला की तकनीकों को संपूर्णता मिली। गुप्त काल के पूर्व मन्दिर स्थायी सामग्रियों से नहीं बनते थे। ईंट एवं पत्थर जैसी स्थायी सामग्रियों पर मंदिरों का निर्माण इसी काल की घटना है। 
इस काल के प्रमुख मंदिर हैं- तिगवा का विष्णु मंदिर (जबलपुर, मध्य प्रदेश), भूमरा का शिव मंदिर (नागोद, मध्य प्रदेश), नचना कुठार का पार्वती मंदिर (मध्य प्रदेश), देवगढ़ का दशवतार मंदिर (झाँसी, उत्तर प्रदेश) तथा ईंटों से निर्मित भीतरगाँव का लक्ष्मण मंदिर (कानपुर, उत्तर प्रदेश) आदि।
गुप्तकालीन मंदिरों की विशेषताएँ
गुप्तकालीन मंदिरों को ऊँचे चबूतरों पर बनाया जाता था जिनमें ईंट तथा पत्थर जैसी स्थायी सामग्रियों का प्रयोग किया जाता था। आरंभिक गुप्तकालीन मंदिरों में शिखर नहीं मिलते हैं। इस काल में मदिरों का निर्माण ऊँचे चबूतरे पर किया जाता था जिस  पर चढ़ने के लिये चारों ओर से सीढि़याँ बनीं होती थी तथा मन्दिरों की छत सपाट होती थी। मन्दिरों का गर्भगृह बहुत साधारण होता था। गर्भगृह में देवताओं को स्थापित किया जाता था। प्रारंभिक गुप्त मंदिरों में अलंकरण नहीं मिलता है, लेकिन बाद में स्तम्भों, मन्दिर के दीवार के बाहरी भागों, चौखट आदि पर मूर्तियों द्वारा अलंकरण किया गया है। भीतरगाँव (कानपुर) स्थित विष्णु मंदिर नक्काशीदार है। गुप्तकालीन मन्दिरों के प्रवेशद्वार पर मकरवाहिनी गंगा, यमुना, शंख व पद्म की आकृतियाँ बनी हैं।  गुप्तकालीन मंदिरकला का सर्वोत्तम उदाहरण देवगढ़ का दशावतार मंदिर है जिसमें गुप्त स्थापत्य कला अपनी परिपक्व अवस्था में है। यह मंदिर सुंदर मूर्तियों, उड़ते हुए पक्षियों, पवित्र वृक्ष, स्वास्तिक एवं फूल-पत्तियों द्वारा अलंकृत है। गुप्तकालीन मंदिरों की विषय-वस्तु रामायण, महाभारत और पुराणों से ली गई है।
 मुख्य शासक 

 श्रीगुप्त 240-280
 घटोट्कच गुप्त 280-319
 चन्द्रगुप्त प्रथम 319-350
 समुद्रगुप्त 350-375
 रामगुप्त 375
 चन्द्रगुप्त विक्रमादित्य 375-415
 कुमारगु्प्त १ 415-455
 स्कन्दगुप्त 455-467
 नरसिंहगुप्त बालादित्य 467-473
 कुमारगुप्त २ 473-477
 बुद्धगुप्त 477-495
 नरसिंहगुप्त 'बालादित्य' 495-530
सन्दर्भ


श्रेणी:राजवंश
श्रेणी:बिहार का इतिहास
श्रेणी:बिहार के राजवंश
श्रेणी:भारत के राजवंश",गुप्त वंश के आखरी राजा कौन थे?,कुमारगुप्त तृतीय
"यहाँ पर भारत के उन व्यक्तियों, समूहों और संस्थाओं का संकलन है जो किसी श्रेणी में प्रथम हैं/थे।
 भारत के प्रथम राष्ट्रपति - राजेन्द्र प्रसाद
 भारत के प्रथम उप राष्ट्रपति सर्वपल्ली राधा कृष्णन 
 भारत के प्रथम प्रधानमंत्री - जवाहरलाल नेहरू 
भारत के प्रथभ उप प्रधानमंत्री-
सरदार वल्लभ भाई पटेल
भारत के प्रथम गृह मंत्री 
सरदार वल्लभ भाई पटेल
भारत के प्रथम कृषि मंत्री
राजेन्द्र प्रसाद
भारत के प्रथम कानून मंत्री
भीमराव अंबेडकर
 भारत के प्रथम रेल मंत्री - आसफ अली
 भारत के प्रथम वित्तमंत्री - लिआकत अली
 भारत के प्रथम शिक्षा मंत्री-  C राज गोपालाचार्य
 भारत के प्रथम रक्षा मंत्री - वलदेव सिंह 
 भारत के प्रथम स्वास्थ्य मंत्री - गजान्तर आली
भारत के प्रथम संचार मंत्री - अब्दुल नस्तर
भारत के प्रथम श्रम मंत्री - जगजीवन राम
 विभिन्न राज्यों के प्रथम मुख्यमंत्री =
भारत के विभिन्न राज्यों के प्रथम मुख्यमंत्रियों की सूची निम्नलिखित है-
 जम्मू एवं कश्मीर - गुलाम मोहम्मद सद्दीक
 हरियाणा - भगवत दयाल शर्मा
 हिमाचल प्रदेश - यशवंत सिंह परमार
 पंजाब - डॉ॰ गोपीचन्द भार्गव
 दिल्ली - चौधरी ब्रह्म प्रकाश
 उत्तराखण्ड - नित्यानन्द स्वामी
 राजस्थान - हीरालाल शास्त्री
 उत्तर प्रदेश - गोविन्द वल्लभ पन्त
 बिहार - श्री कृष्ण सिन्हा
 झारखण्ड - बाबूलाल मरांडी
 पश्चिम बंगाल - प्रफुल्ल चन्द्र घोष
 ओडिशा - हरेकृष्णा महतब
 छत्तीसगढ़ - अजीत जोगी
 मध्य प्रदेश - पं. रविशंकर शुक्ल
 गुजरात - डॉ॰ जीवराज नारायण मेहता
 महाराष्ट्र -- यशवन्त राव चव्हाण 
 गोवा -- दयानंद बांदोडकर
 आंध्र प्रदेश -- नीलम संजीव रेड्डी
 तमिलनाडु -- पी.एस. कुमारस्वामी राजा
 केरल -- इ.एम.एस. नंबूदिरीपाद
 असम -- गोपीनाथ बारदलोई
 मणिपुर -- एम. कोइरंग सिंह
 मेघालय -- डब्ल्यू. ए. संगमा
 सिक्किम -- के.एल. दोरजी खंगसरपा
 नागालैण्ड -- पी. शैलू ओ
 अरुणाचल प्रदेश -- प्रेमखाण्डू थंगन 
 मिजोरम -- एल. चल छंगा
 इन्हें भी देखें 
 हिन्दी से सम्बन्धित प्रथम
 बाहरी कड़ियाँ 
  (सामान्य ज्ञान)
  (प्रश्नमंच)
  (प्रश्नमंच)
श्रेणी:भारत",भारत के पहले स्वास्थ्य मंत्री कौन थे?,गजान्तर आली
"डॉ॰ हरिसिंह गौर, (२६ नवम्बर १८७० - २५ दिसम्बर १९४९) सागर विश्वविद्यालय के संस्थापक, शिक्षाशास्त्री, ख्यति प्राप्त विधिवेत्ता, न्यायविद्, समाज सुधारक, साहित्यकार (कवि, उपन्यासकार) तथा महान दानी एवं देशभक्त थे। वह बीसवीं शताब्दी के सर्वश्रेष्ठ शिक्षा मनीषियों में से थे। वे दिल्ली विश्वविद्यालय तथा नागपुर विश्वविद्यालय के उपकुलपति रहे। वे भारतीय संविधान सभा के उपसभापति, साइमन कमीशन के सदस्य तथा रायल सोसायटी फार लिटरेचर के फेल्लो भी रहे थे।उन्होने कानून शिक्षा, साहित्य, समाज सुधार, संस्कृति, राष्ट्रीय आंदोलन, संविधान निर्माण आदि में भी योगदान दिया।
उन्होने अपनी गाढ़ी कमाई से 20 लाख रुपये की धनराशि से 18 जुलाई 1946 को अपनी जन्मभूमि सागर में सागर विश्वविद्यालय की स्थापना की तथा वसीयत द्वारा अपनी पैतृक सपत्ति से 2 करोड़ रुपये दान भी दिया था। इस विश्वविद्यालय के संस्थापक, उपकुलपति तो थे ही वे अपने जीवन के आखिरी समय (२५ दिसम्बर १९४९) तक इसके विकास व सहेजने के प्रति संकल्पित रहे। उनका स्वप्न था कि सागर विश्वविद्यालय, कैम्ब्रिज तथा ऑक्सफोर्ड जैसी मान्यता हासिल करे। उन्होंने ढाई वर्ष तक इसका लालन-पालन भी किया। डॉ॰ सर हरीसिंह गौर एक ऐसा विश्वस्तरीय अनूठा विश्वविद्यालय है, जिसकी स्थापना एक शिक्षाविद् के द्वारा दान द्वारा की गई थी।
 जीवनी 
डॉ॰ सर हरीसिंह गौर का जन्म महाकवि पद्माकर की नगरी [ग्राम - चिलपहाड़ी बाँदा [सागर]] (म.प्र.) के पास एक निर्धन परिवार में 26 नवम्बर 1870 को हुआ था। उन्होने सागर के ही गवर्नमेंट हाईस्कूल से मिडिल शिक्षा प्रथम श्रेणी में हासिल की। उन्हे छात्रवृत्ति भी मिली, जिसके सहारे उन्होंने पढ़ाई का क्रम जारी रखा, मिडिल से आगे की पढ़ाई के लिए जबलपुर गए फिर महाविद्यालयीन शिक्षा के लिए नागपुर के हिसलप कॉलेज (Hislop College) में दाखिला ले लिया, जहां से उन्होंने इंटरमीडिएट की परीक्षा भी प्रथम श्रेणी में की थी। वे प्रांत में प्रथम रहे तथा पुरस्कारों से नवाजे गए।
सन् १८८९ में उच्च शिक्षा लेने इंग्लैंड गए। सन् १८९२ में दर्शनशास्त्र व अर्थशास्त्र में ऑनर्स की उपाधि प्राप्त की। फिर १८९६ में M.A., सन १९०२ में LL.M. और अन्ततः सन १९०८ में LL.D. किया। कैम्ब्रिज में पढाई से जो समय बचता था उसमें वे ट्रिनिटी कालेज में डी लिट्, तथा एल एल डी कीपडाई करते थे। उन्होने अंतर-विश्वविद्यालयीन शिक्षा समिति में कैंब्रिज विश्वविद्यालय का प्रतिनिधित्व किया, जो उस समय किसी भारतीय के लिये गौरव की बात थी। डॉ॰ सर हरीसिंह गौड ने छात्र जीवन में ही दो काव्य संग्रह दी स्टेपिंग वेस्टवर्ड एण्ड अदर पोएम्स एवं रेमंड टाइम की रचना की, जिससे सुप्रसिद्ध रायल सोसायटी ऑफ लिटरेचर द्वारा उन्हें स्वर्ण पदक प्रदान किया गया।
सन् १९१२ में वे बैरिस्टर होकर स्वदेश आ गये। उनकी नियुक्ति सेंट्रल प्रॉविंस कमीशन में एक्स्ट्रा `सहायक आयुक्त´ के रूप में भंडारा में हो गई। उन्होंने तीन माह में ही पद छोड़कर अखिल भारतीय स्तर पर वकालत प्रारंभ कर दी व मध्य प्रदेश, भंडारा, रायपुर, लाहौर, कलकत्ता, रंगून तथा चार वर्ष तक इंग्लैंड की प्रिवी काउंसिल में वकालत की, उन्हें एलएलडी एवं डी. लिट् की सर्वोच्च उपाधि से भी विभूषित किया गया। १९०२ में उनकी द लॉ ऑफ ट्रांसफर इन ब्रिटिश इंडिया पुस्तक प्रकाशित हुई। वर्ष १९०९ में दी पेनल ला ऑफ ब्रिटिश इंडिया (वाल्यूम २) भी प्रकाशित हुई जो देश व विदेश में मान्यता प्राप्त पुस्तक है। प्रसिद्ध विधिवेत्ता सर फेडरिक पैलाक ने भी उनके ग्रंथ की प्रशंसा की थी। इसके अतिरिक्त डॉ॰ गौर ने बौद्ध धर्म पर दी स्पिरिट ऑफ बुद्धिज्म नामक पुस्तक भी लिखी। उन्होंने कई उपन्यासों की भी रचना की।
वे शिक्षाविद् भी थे। सन् १९२१ में केंद्रीय सरकार ने जब दिल्ली विश्वविद्यालय की स्थापना की तब डॉ॰ सर हरीसिंह गौड को विश्वविद्यालय का संस्थापक कुलपति नियुक्त किया गया। ९ जनवरी १९२५ को शिक्षा के क्षेत्र में `सर´ की उपाधि से विभूषित किया गया, तत्पश्चात डॉ॰ सर हरीसिंह गौर को दो बार नागपुर विश्वविद्यालय का कुलपति नियुक्त किया गया।

डॉ॰ सर हरीसिंह गौर ने २० वर्षों तक वकालत की तथा प्रिवी काउंसिल के अधिवक्ता के रूप में शोहरत अर्जित की। वे कांग्रेस पार्टी के सदस्य रहे, लेकिन १९२० में महात्मा गांधी से मतभेद के कारण कांग्रेस छोड़ दी। वे १९३५ तक विधान परिषद् के सदस्य रहे। वे भारतीय संसदीय समिति के भी सदस्य रहे, भारतीय संविधान परिषद् के सदस्य रूप में संविधान निर्माण में अपने दायित्वों का निर्वहन किया। विश्वविद्यालय के संस्थापक डॉ॰ सर हरीसिंह गौर ने विश्वविद्यालय की स्थापना के बाद नागरिकों से अपील कर कहा था कि सागर के नागरिकों को सागर विश्वविद्यालय के रूप में एक शिक्षा का महान अवसर मिला है, वे अपने नगर को आदर्श विद्यापीठ के रूप में स्मरणीय बना सकते हैं।
यह भी एक संयोग ही है कि स्वतंत्र भारत व इस विश्वविद्यालय का जन्म एक ही समय हुआ। डॉ॰ सर हरीसिंह गौर को अपनी जन्मभूमि सागर में उच्च शिक्षा की व्यवस्था न होने का दर्द हमेशा रहा। इसी कारण द्वितीय विश्वयुद्ध के पश्चात ही इंग्लैंड से लौट कर उन्होंने अपने जीवन भर की गाढ़ी कमाई से इसकी स्थापना करायी। वे कहते थे कि राष्ट्र का धन न उसके कल-कारखाने में सुरक्षित रहता है न सोने-चांदी की खदानों में; वह राष्ट्र के स्त्री-पुरुषों के मन और देह में समाया रहता है। डॉ हरिसिंह गौड की सेवाओं के प्रति सम्मान प्रकट करने के लिए भारतीय डाक व तार विभाग ने १९७६ में एक डाकटिकट जारी कीया जिस पर उनके र्चित्र को प्रदर्शात किया गया है।
डॉ॰ हरि सिंह गौर ने 'सेवेन लाईव्ज' (Seven Lives) शीर्षक से अपनी आत्मकथा लिखी है। मूलत: अंग्रेजी भाषा में लिखी गई। एक युवा पत्रकार ने इस आत्मकथा का हिन्दी भाषा में अनुवाद किया है। डॉ॰ गौर ने अपनी आत्मकथा में अपने जीवन के सभी पहलुओं पर बड़ी बेबाकी से लिखा है।
प्रमुख कृतियाँ
 The Transfer of Property in British India: Being an Analytical Commentary on the Transfer of Property Act, 1882 as Amended ..., Published by Thacker, Spink, 1901.
The Law of Transfer in British India, Vol. 1–3 (1902)
The Penal Law of India, Vol. 1–2 (1909)
Hindu Code (1919)
India and the New Constitution (1947)
Renaissance of India (1942)
The Spirit of Buddhism (1929)
His only Love (1929)
Random Rhymes (1892)
Facts and Fancies (1948)
Seven Lives (आत्मकथा ; 1944)
India and the New Constitution (1947)
Letters from Heaven
Lost Soul
Passing Clouds
 इन्हें भी देखें 
 डॉ॰ हरिसिंह गौर विश्वविद्यालय, सागर
 सागर
 बाहरी कड़ियाँ 


  (बुन्देलखण्ड दर्शन)
श्रेणी:व्यक्तिगत जीवन
श्रेणी:मध्य प्रदेश के लोग
श्रेणी:मध्य प्रदेश के लेखक
श्रेणी:हिन्दी लेखक
श्रेणी:1870 में जन्मे लोग
श्रेणी:१९४९ में निधन",डॉ॰ हरिसिंह गौर विश्वविद्यालय की स्थापना किस वर्ष में हुई थी?,1946.0
"गुर्जर प्रतिहार वंश या प्रतिहार वंश मध्यकाल के दौरान मध्य-उत्तर भारत के एक बड़े हिस्से में राज्य करने वाला राजवंश था, जिसकी स्थापना नागभट्ट नामक एक सामन्त ने ७२५ ई॰ में की थी। इस राजवंश के लोग स्वयं को राम के अनुज लक्ष्मण के वंशज मानते थे, जिसने अपने भाई राम को एक विशेष अवसर पर प्रतिहार की भाँति सेवा की। इस राजवंश की उत्पत्ति, प्राचीन कालीन ग्वालियर प्रशस्ति अभिलेख से ज्ञात होती है। अपने स्वर्णकाल में प्रतिहार साम्राज्य पश्चिम में सतलुज नदी से उत्तर में हिमालय की तराई और पुर्व में बंगाल-असम से दक्षिण में सौराष्ट्र और नर्मदा नदी तक फैला हुआ था। सम्राट मिहिर भोज, इस राजवंश का सबसे प्रतापी और महान राजा थे। अरब लेखकों ने मिहिरभोज के काल को सम्पन्न काल बताते हैं। इतिहासकारों का मानना है कि प्रतिहार राजवंश ने भारत को अरब हमलों से लगभग ३०० वर्षों तक बचाये रखा था, इसलिए प्रतिहार (रक्षक) नाम पड़ा।
प्रतिहारों ने उत्तर भारत में जो साम्राज्य बनाया, वह विस्तार में हर्षवर्धन के साम्राज्य से भी बड़ा और अधिक संगठित था। देश के राजनैतिक एकीकरण करके, शांति, समृद्धि और संस्कृति, साहित्य और कला आदि में वृद्धि तथा प्रगति का वातावरण तैयार करने का श्रेय प्रतिहारों को ही जाता हैं। प्रतिहारकालीन मंदिरो की विशेषता और मूर्तियों की कारीगरी से उस समय की प्रतिहार शैली की संपन्नता का बोध होता है।

इतिहास
प्रारंभिक शासक
ग्वालियर प्रशस्ति अभिलेख से इस वंश के बारे में कई महत्वपूर्ण बाते ज्ञात होती है।[1][2][3] नागभट्ट प्रथम (७३०-७५६ ई॰) को इस राजवंश का पहला राजा माना गया है। आठवीं शताब्दी में भारत में अरबों का आक्रमण शुरू हो चुका था। सिन्ध और मुल्तान पर उनका अधिकार हो चुका था। फिर सिंध के राज्यपाल जुनैद के नेतृत्व में सेना आगे मालवा, जुर्ज और अवंती पर हमले के लिये बढ़ी, जहां जुर्ज पर उसका कब्जा हो गया। परन्तु आगे अवंती पर नागभट्ट ने उन्हैं खदैड़ दिया। अजेय अरबों कि सेना को हराने से नागभट्ट का यश चारो ओर फैल गया।[4] अरबों को खदेड़ने के बाद नागभट्ट वहीं न रुकते हुए आगे बढ़ते गये। और उन्होंने अपना नियंत्रण पूर्व और दक्षिण में मंडोर, ग्वालियर, मालवा और गुजरात में भरूच के बंदरगाह तक फैला दिया। उन्होंने मालवा में अवंती (उज्जैन) में अपनी राजधानी की स्थापना की, और अरबों के विस्तार को रोके रखा, जो सिंध में स्वयं को स्थापित कर चुके थे। मुस्लिम अरबों से हुए इस युद्ध (७३८ ई॰) में नागभट्ट ने गुर्जर-प्रतिहारों का एक संघीय का नेतृत्व किया।[5][6] नागभट्ट के बाद दो कमजोर उत्तराधिकारी आये, उनके बाद आये वत्सराज (७७५-८०५ई॰) ने साम्राज्य का और विस्तार किया।[7]
कन्नौज पर विजय और आगे विस्तार
हर्षवर्धन की मृत्यु के बाद कन्नौज को शक्ति निर्वात का सामना करना पड़ा, जिसके परिणामस्वरूप हर्ष के साम्राज्य का विघटन होने लगा। जोकि अंततः लगभग एक सदी के बाद यशोवर्मन ने भरा। लेकिन उसकी स्थिति भी ललितादित्य मुक्तपीड के साथ गठबंधन पर निर्भर थी। जब मुक्तापीदा ने यशोवर्मन को कमजोर कर दिया, तो शहर पर नियंत्रण के लिए त्रिकोणीय संघर्ष विकसित हुआ, जिसमें पश्चिम और उत्तर क्षेत्र से प्रतिहार साम्राज्य, पूर्व से बंगाल के पाल साम्राज्य और दक्षिण में दक्कन में आधारभूत राष्ट्रकूट साम्राज्य शामिल थे।[8][9] वत्सराज ने कन्नौज के नियंत्रण के लिए पाल शासक धर्मपाल और राष्ट्रकूट राजा दन्तिदुर्ग को सफलतापूर्वक चुनौती दी और पराजित कर दो राजछत्रों पर कब्जा कर लिया।[10][11]
७८६ के आसपास, राष्ट्रकूट शासक ध्रुव धारवर्ष (७८०-७९३) नर्मदा नदी को पार कर मालवा पहुंचा और वहां से कन्नौज पर कब्जा करने की कोशिश करने लगा। लगभग ८०० ई० में वत्सराज को ध्रुव धारवर्षा ने पराजित किया और उसे मरुदेश (राजस्थान) में शरण लेने को मजबुर कर दिया। और उसके द्वार गौंड़राज से जीते क्षेत्रों पर भी अपना कब्जा कर लिया।[12] वत्सराज को पुन: अपने पुराने क्षेत्र जालोन से शासन करना पडा, ध्रुव के प्रत्यावर्तन के साथ ही पाल नरेश धर्मपाल ने कन्नौज पर कब्जा कर, वहा अपने अधीन चक्रायुध को राजा बना दिया।[7]

वत्सराज के बाद उसका पुत्र नागभट्ट द्वितीय (805-833) राजा बना, उसे शुरू में राष्ट्रकूट शासक गोविन्द तृतीय (793-814) ने पराजित किया था, लेकिन बाद में वह अपनी शक्ति को पुन: बढ़ा कर राष्ट्रकूटों से मालवा छीन लिया। तदानुसार उसने आन्ध्र, सिन्ध, विदर्भ और कलिंग के राजाओं को हरा कर अपने अधीन कर लिया। चक्रायुध को हरा कर कन्नौज पर विजय प्राप्त कर लिया। आगे बढ़कर उसने धर्मपाल को पराजित कर बलपुर्वक आनर्त, मालव, किरात, तुरुष्क, वत्स और मत्स्य के पर्वतीय दुर्गो को जीत लिया।[13] शाकम्भरी के चाहमानों ने कन्नोज के गुर्जर प्रतीहारों कि अधीनता स्वीकार कर ली।[14] उसने प्रतिहार साम्राज्य को गंगा के मैदान में आगे ​​पाटलिपुत्र (बिहार) तक फैला दिया। आगे उसने पश्चिम में पुनः मुसलमानों को रोक दिया। उसने गुजरात में सोमनाथ के महान शिव मंदिर को पुनः बनवाया, जिसे सिंध से आये अरब हमलावरों ने नष्ट कर दिया था। कन्नौज, गुर्जर-प्रतिहार साम्राज्य का केंद्र बन गया, अपनी शक्ति के चरमोत्कर्ष (८३६-९१०) के दौरान अधिकतर उत्तरी भारत पर इनका अधिकार रहा।
८३३ ई० में नागभट्ट के जलसमाधी लेने के बाद[15], उसका पुत्र रामभद्र या राम गुर्जर प्रतिहार साम्राज्य का अगला राजा बना। रामभद्र ने सर्वोत्तम घोड़ो से सुसज्जित अपने सामन्तो के घुड़सवार सैना के बल पर अपने सारे विरोधियो को रोके रखा। हलांकि उसे पाल साम्राज्य के देवपाल से कड़ी चुनौतिया मिल रही थी। और वह गुर्जर प्रतीहारों से कलिंजर क्षेत्र लेने मे सफल रहा।
गुर्जर-प्रतिहार वंश का चरमोत्कर्ष
रामभद्र के बाद उसका पुत्र मिहिरभोज या भोज प्रथम ने गुर्जर प्रतिहार की सत्ता संभाली। मिहिरभोज का शासनकाल प्रतिहार साम्राज्य के लिये स्वर्णकाल माना गया है। अरब लेखकों ने मिहिरभोज के काल को सम्पन्न काल [16][17] बताते हैं। मिहिरभोज के शासनकाल मे कन्नौज के राज्य का अधिक विस्तार हुआ। उसका राज्य उत्तर-पश्चिम में सतुलज, उत्तर में हिमालय की तराई, पूर्व में पाल साम्राज्य कि पश्चिमी सीमा, दक्षिण-पूर्व में बुन्देलखण्ड और वत्स की सीमा, दक्षिण-पश्चिम में सौराष्ट्र, तथा पश्चिम में राजस्थान के अधिकांश भाग में फैला हुआ था। इसी समय पालवंश का शासक देवपाल भी बड़ा यशस्वी था। अतः दोनो के बीच में कई घमासान युद्ध हुए। अन्त में इस पाल-प्रतिहार संघर्स में भोज कि विजय हुई।
दक्षिण की ओर मिहिरभोज के समय अमोघवर्ष और कृष्ण द्वितीय राष्ट्रकूट शासन कर रहे थे। अतः इस दौर में गुर्जर प्रतिहार-राष्ट्रकूट के बीच शान्ति ही रही, हालांकि वारतो संग्रहालय के एक खण्डित लेख से ज्ञात होता है कि अवन्ति पर अधिकार के लिये भोज और राष्ट्रकूट राजा कृष्ण द्वितीय (878-911 ई०) के बीच नर्मदा नदी के पास युद्ध हुआ था। जिसमें राष्ट्रकुटों को वापस लौटना पड़ा था।[18] अवन्ति पर गुर्जर प्रतिहारों का शासन भोज के कार्यकाल से महेन्द्रपाल द्वितीय के शासनकाल तक चलता रहा। मिहिर भोज के बाद उसका पुत्र महेन्द्रपाल प्रथम ई॰) नया राजा बना, इस दौर में साम्राज्य विस्तार तो रुक गया लेकिन उसके सभी क्षेत्र अधिकार में ही रहे। इस दौर में कला और साहित्य का बहुत विस्तार हुआ। महेन्द्रपाल ने राजशेखर को अपना राजकवि नियुक्त किया था। इसी दौरान ""कर्पूरमंजरी"" तथा संस्कृत नाटक ""बालरामायण"" का अभिनीत किया गया। गुर्जर-प्रतिहार साम्राज्य अब अपने उच्च शिखर को प्राप्त हो चुका था।
पतन
महेन्द्रपाल की मृत्यु के बाद उत्तराधिकारी का युद्ध हुआ, और राष्ट्रकुटों कि मदद से महिपाल का सौतेला भाई भोज द्वितीय (910-912) कन्नौज पर अधिकार कर लिया हलांकि यह अल्पकाल के लिये था, राष्ट्रकुटों के जाते ही महिपाल प्रथम (९१२-९४४ ई॰) ने भोज द्वितीय के शासन को उखाड़ फेंका। गुर्जर-प्रतिहारों की अस्थायी कमजोरी का फायदा उठा, साम्राज्य के कई सामंतवादियों विशेषकर मालवा के परमार, बुंदेलखंड के चन्देल, महाकोशल का कलचुरि, हरियाणा के तोमर और चौहान स्वतंत्र होने लगे। राष्ट्रकूट वंश के दक्षिणी भारतीय सम्राट इंद्र तृतीय (९९९-९२८ ई॰) ने ९१२ ई० में कन्नौज पर कब्जा कर लिया। यद्यपि गुर्जर प्रतिहारों ने शहर को पुनः प्राप्त कर लिया था, लेकिन उनकी स्थिति 10वीं सदी में कमजोर ही रही, पश्चिम से तुर्को के हमलों, दक्षिण से राष्ट्रकूट वंश के हमलें और पूर्व में पाल साम्राज्य की प्रगति इनके मुख्य कारण थे। गुर्जर-प्रतिहार राजस्थान का नियंत्रण अपने सामंतों के हाथ खो दिया और चंदेलो ने ९५० ई॰ के आसपास मध्य भारत के ग्वालियर के सामरिक किले पर कब्जा कर लिया। १०वीं शताब्दी के अंत तक, गुर्जर-प्रतिहार कन्नौज पर केन्द्रित एक छोटे से राज्य में सिमट कर रह गया। कन्नौज के अंतिम गुर्जर-प्रतिहार शासक यशपाल के १०३६ ई. में निधन के साथ ही इस साम्राज्य का अन्त हो गया।
 शासन प्रबन्ध 
शासन का प्रमुख राजा होता था। गुर्जर प्रतिहार राजा असीमित शक्ति के स्वामी थे। वे सामन्तों, प्रान्तीय प्रमुखो और न्यायधीशों कि नियुक्ति करते थे। चुकि राजा सामन्तो की सेना पर निर्भर होता था, अत: राजा कि मनमानी पर सामन्त रोक लगा सकते थे। युद्ध के समय सामन्त सैनिक सहायता देते थे और स्वयं सम्राट के साथ लड़ने जाते थे।
प्रशासनिक कार्यों में राजा की सहायता मंत्रिपरिषद करता था, जिसके दो अंग थे ""बहिर उपस्थान"" और ""आभयन्तर उपस्थान""। बहिर उपस्थान में मंत्री, सेनानायक, महाप्रतिहार, महासामन्त, महापुरोहित, महाकवि, ज्योतिषी और सभी प्रमुख व्यक्ति सम्मलित रहते थे, जबकि आभयन्तरीय उपस्थान में राजा के चुने हुए विश्वासपात्र व्यक्ति ही सम्मिलित होते थे। मुख्यमंत्री को ""महामंत्री"" या ""प्रधानमात्य"" कहा जाता था।
प्रान्तीय शासन
गुर्जर प्रतिहार साम्राज्य अनेक भागों में विभक्त था। ये भाग सामन्तों द्वारा शासित किये जाते थे। इनमें से मुख्य भागों के नाम थे: 
 शाकम्भरी (सांभर) के चाहमान (चौहान)
 दिल्ली के तौमर
 मंडोर के गुर्जर प्रतिहार 
 बुन्देलखण्ड के कलचुरि
 मालवा के परमार
 मेदपाट (मेवाड़) के गुहिल 
 महोवा-कालिजंर के चन्देल
 सौराष्ट्र के चालुक्य
शेष उत्तरी भारत केन्द्रीय राजधानी कन्नौज से सीधे प्रशासित होता था। ""मण्डल"" जिला के बराबर होता था, अभिलेखों में कालिजंर, श्रीवस्ती, सौराष्ट्र तथा कौशाम्बी मण्डल के प्रमुख स्थान थे। ""विषय"" आधुनिक तहसील के बराबर थे, विषय से छोटे ग्रामों के समुह आते थे, जिसमें 84 ग्रामों के समुह को ""चतुरशितिका"" और 12 ग्रामों को ""द्वादशक"" कहते थे। दुर्गो कि व्यवस्था के 'कोट्टपाल' या बलाधिकृत' करते थे। व्यापार संबन्धी कर व्यवस्था मोर्यकालिन प्रतित होती है।
 शिक्षा तथा साहित्य 
शिक्षा
शिक्षा का प्रारंभ उपनयन संस्कार से होता था। उपनयन के पश्चात बालक को गुरुकुल भेजा जाता था। ब्राम्हण बालक को चौदह विद्याओं के साथ कर्मकाण्ड का अध्ययन कराया जाता था। क्षत्रिय बालक को बहत्तर कलाएं सिखाई जाती थी। किन्तु उसे अस्त्र-शस्त्र विद्या में निपुणता प्राप्त करना आपश्यक होता था। विद्यार्थी को गुरुकुल में ही रह कर विद्या अध्ययन करना होता था। यहाँ आवास और भोजन की व्यवस्था नि:शुल्क थी। अधिकांश अध्ययन मौखिक होता था।
बडी-बडी सभाओं में प्रश्नोत्तरों और शास्त्रार्थ के द्वारा विद्वानों कि योग्यता कि पहचान की जाती थी। विजेता को राजा की ओर से जयपत्र प्रदान किया जाता था, और जुलुस निकाल कर उसका सम्मान किया जाता था। इसके अलवा विद्वान गोष्ठियों में एकत्र हो कर साहित्यक चर्चा करते थे। पुर्व मध्यकाल में कान्यकुब्ज (कन्नौज) विद्या का सबसे बड़ा केन्द्र था। राजशेखर ने कन्नौज में कई गोष्ठियों का वर्णन किया है। राजशेखर ने ""ब्रम्ह सभा"" की भी चर्चा की हैं। ऐसी सभा उज्जैन और पाटलिपुत्र में हुआ करती थी। इस प्रकार की सभाएं कवियों कि परीक्षा के लिये उपयोगी होती थी। परीक्षा में उत्तीर्ण कवि को रथ और रेशमी वस्त्र से सम्मानित किया जाता था। उपर्युक्त वर्णन से प्रमाणित होता है कि सम्राट हर्षवर्धन की मृत्यु के बाद भी उत्तर भारत से विद्या का का वातावरण समाप्त नहीं हुआ था। गुर्जर प्रतिहार शासक स्वयं विद्वान थे और वे विद्वानों को राज्याश्रय भी प्रदान करते थे।[19]
साहित्य
साहित्य के क्षेत्र में भिल्लमाल (भीनमाल) एक बड़ा केन्द्र था। यहाँ कई महान साहित्यकार हुए। इनमें ""शिशुपालवध"" के रचयिता माघ का नाम सर्वप्रथम है। माघ के वंश में सौ वर्षो तक कविता होती रही और संस्कृत और प्राकृत में कई ग्रंथ रचे गये। विद्वानो ने उसकी तुलना कालिदास, भारवि, तथा दण्डित से की है। माघ के ही समकालिन जैन कवि हरिभद्र सूरि हुए। उनका रचित ग्रंथ ""धुर्तापाख्यान"", हिन्दू धर्म का बड़ा आलोचक था। इनका सबसे प्रशिध्द प्राकृत ग्रंथ ""समराइच्चकहा"" है। हरिभद्र के शिष्य उद्योतन सूरि ने ७७८ ई० में जालोन में ""कुवलयमाला"" की रचना की। 
भोज प्रथम के दरबार में भट्ट धनेक का पुत्र वालादित्य रहता था। जिसने ग्वालियर प्रशस्ति जैसे प्रशिध्द ग्रंथ की रचना की थी। इस काल के कवियों में राजशेखर कि प्रशिध्दि सबसे अधिक थी। उसकी अनेक कृतियाँ आज भी उपलब्ध है। कवि और नाटककार राजशेखर सम्राट महेन्द्रपाल प्रथम का गुरु था। राजशेखर बालकवि से कवि और फिर कवि से राजकवि के पद से प्रतिष्ठित हुआ। इसी दौरान ""कर्पूरमंजरी"" तथा संस्कृत नाटक ""बालरामायण"" का अभिनीत किया गया।
इससे पता चलता है कि प्रतिहार काल में संस्कृत, प्राकृत और अपभ्रंश तीनों भाषाओं में साहित्य कि रचना हुई। किन्तु प्राकृत दिनो-दिन कम होती गई और उसकी जगह अपभ्रंश लेती रही। ब्राम्हणों की तुलना में जैनों द्वार रचित साहित्यों कि अधिकता हैं। जिसका कारण जैन ग्रंथों का भण्डार में सुरक्षित बच जाना जबकि ब्राम्हण ग्रंथो का नष्ट हो जाना हो सकता है।
 धर्म और दर्शन

भारतीय संस्कृति धर्ममय है, और इस प्रकार गुर्जर प्रतिहारों का धर्ममय होना कोई नई बात नहीं है। पूरे समाज में हिन्दू धर्म के ही कई मान्यताओं के मानने वाले थे लेकिन सभी में एक सहुष्णता की भावना मौजुद थी। समाज में वैष्णव और शैव दोनों मत के लोग थे। गुर्जर प्रतिहार राजवंश में प्रत्येक राजा अपने ईष्टदेव बदलते रहते थे। भोज प्रथम के भगवती के उपासक होते हुए भी उन्होंने विष्णु का मंदिर बनवाया था। और महेन्द्रपाल के शैव मतानुयायी होते हुए भी वट-दक्षिणी देवी के लियी दान दिया था
गुर्जर प्रतिहार काल का मुख्य धर्म पौराणिक हिन्दू धर्म था, जिसमें कर्मों के अनुसार पुनर्जन्म का सिद्धान्त का गहारा असर था। विष्णु के अवतारों कि पुजा की जाती थी। और उनके कई मन्दिर बनवाये गये थे। कन्नौज में चतुर्भुज विष्णु और विराट विष्णु के अत्यन्त सुंदर प्रतिमाएं प्रतिष्ठित थी। कन्नौज के सम्राट वत्सराज, महेन्द्रपाल द्वतीय, और त्रिलोचनपाल शिव के उपासक थे। उज्जैन में महाकाल का प्रशिद्ध मंदिर था। बुन्देलखंड़ में अनेक शिव मन्दिर बनवाये गये थे। 
साहित्य और अभिलेखों से धर्म की काफी लोकप्रियता जान पडती है। ग्रहण, श्राद्ध, जातकर्म, नामकरण, संक्रान्ति, अक्षय तृतीया, इत्यादि अवसरों पर लोग गंगा, यमुना अथवा संगम (प्रयाग) पर स्नान कर दान देते थे। धर्माथ हेतु दिये गये भुमि या गांव पर कोई कर नहीं लगाया जाता था। 
पवित्र स्थलों में तीर्थयात्रा करना सामान्य था। तत्कालिन सहित्यों में दस प्रमुख तीर्थों का वर्णन मिलता है। जिसमें गया, वाराणसी, हरिद्वार, पुष्कर, प्रभास, नैमिषक्षेत्र केदार, कुरुक्षेत्र, उज्जयिनी तथा प्रयाग आदि थे। नदियों को प्राकृतिक या दैवतीर्थ होने के कारण अत्यन्त पवित्र माना जाता था। सभी नदियों में गंगा को सबसे अधिक पवित्र मान जाता था।
बौद्ध धर्म
गुर्जर प्रतीहारकालिन उत्तरभारत में बौद्धधर्म का प्रभाव समाप्त था। पश्चिम कि ओर सिन्ध प्रदेश में और पूर्व में दिशा में बिहार और बंगाल में स्थिति संतोषजनक थी। जिसका मुख्य कारण था, गुप्तकाल के दौरान ब्राम्हण मतावलम्बियों ने बौद्धधर्म के अधिकांश सिद्धान्त अपना कर बुद्ध को भगवान विष्णु का अवतार मान लिया था।
जैन धर्म
बौद्ध धर्म कि तुलना में जैन धर्म ज्यादा सक्रिय था। मध्यदेश, अनेक जैन आचार्यों का कार्यस्थल रहा था। वप्पभट्ट सुरि को नागभट्ट द्वितीय का अध्यात्मिक गुरु माना गया है। फिर भी यह यहाँ जेजाकभुक्ति (बुन्देलखंड़) और ग्वालियर क्षेत्र तक में ही सिमित रह गया था। लेकिन पश्चिमी भारत के राजस्थान, गुजरात, मालवा और सौराष्ट्र जैनधर्म के विख्यात केन्द्र थे, जिसका श्रेय हरिभद्र सूरि जैसे जैन साधुओं को जाता है। हरिभद्र ने विद्वानों और सामान्यजन के लिये अनेक ग्रन्थों कि रचना की।
गुर्जर राजाओं ने जैनों के साथ उदारता का व्यवहार किया। नागभट्ट द्वितीय ने ग्वालियर में जैन मन्दिर भी बनवाया था।
 प्रतिहारकालीन स्थापत्यकला 
गुर्जर-प्रतिहार कला के अवशेष हरियाणा और मध्यभारत के एक विशाल क्षेत्र में देखे जा सकते हैं। इस युग में प्रतीहारों द्वारा निर्मित मंदिर स्थापत्य और कला की सबसे बड़ी विशेषता इसकी अलंकरण शैली है। इसी दौरान राजस्थानी स्थापत्य शैली का जन्म हुआ। जिसमें सज्जा और निर्माण शैली का पुर्ण समन्वय देखने को मिलता है। अपने पुर्ण विकसित रूप में प्रतिहार मन्दिरों में मुखमण्ड़प, अन्तराल, और गर्भग्रह के अतरिक्त अत्यधिक अल्ंकृत अधिष्ठान, जंघा और शिखर होते थे। मध्य प्रदेश के मुरैना जिले में बटेश्वर हिन्दू मंदिर इसी साम्राज्य काल के दौरान बनाया गया था।[20] कालान्तर में स्थापत्यकला की इस विधा को चन्देलों, परमारों, कच्छपघातों, तथा अन्य क्षेत्रीय राजवंशों ने अपनाया। लेकिन चन्देलों ने इस शैली को पूर्णता प्रदान की, जिसमें खजुराहो स्मारक समूह प्रशिद्ध है।[21]
इन्हें भी देखें
 मिहिर भोज
 पाल राजवंश
 राष्ट्रकूट साम्राज्य
बाहरी कड़ियाँ

 आर. सी. मजुमदार: प्रतिहार;
 आर. एस. त्रिपाठी: कन्नौज का इतिहास।
 ग्वालियर प्रशस्ति
 प्रतिहार राजपूतों का इतिहास: रामलखन सिंह
सन्दर्भ



श्रेणी:भारत का इतिहास
श्रेणी:भारत के राजवंश
श्रेणी:राजस्थान का इतिहास
श्रेणी:गुजरात का इतिहास
श्रेणी:गुर्जर प्रतिहार राजवंश",गुर्जर प्रतिहार वंश का अंत किस साल में हुआ था?,१०३६ ई.
